
SET SQL_MODE = "NO_AUTO_VALUE_ON_ZERO";
SET AUTOCOMMIT = 0;
START TRANSACTION;
SET time_zone = "+00:00";


/*!40101 SET @OLD_CHARACTER_SET_CLIENT=@@CHARACTER_SET_CLIENT */;
/*!40101 SET @OLD_CHARACTER_SET_RESULTS=@@CHARACTER_SET_RESULTS */;
/*!40101 SET @OLD_COLLATION_CONNECTION=@@COLLATION_CONNECTION */;
/*!40101 SET NAMES utf8mb4 */;

--
-- Database: `mainDb`
--

-- --------------------------------------------------------

--
-- Table structure for table `alogin`
--

CREATE TABLE `alogin` (
  `id` int(11) NOT NULL,
  `email` tinytext NOT NULL,
  `password` longtext NOT NULL
) ENGINE=InnoDB DEFAULT CHARSET=latin1;

--
-- Dumping data for table `alogin`
--

INSERT INTO `alogin` (`id`, `email`, `password`) VALUES
(1, 'dbms', 'batch7');

-- --------------------------------------------------------

--
-- Table structure for table `employee`
--

CREATE TABLE `employee` (
  `id` int(11) NOT NULL,
  `firstName` varchar(100) NOT NULL,
  `lastName` varchar(100) NOT NULL,
  `email` varchar(100) NOT NULL,
  `password` text NOT NULL,
  `birthday` date NOT NULL,
  `gender` varchar(10) NOT NULL,
  `contact` varchar(20) NOT NULL,
  `nid` int(20) NOT NULL,
  `address` varchar(100) DEFAULT NULL,
  `dept` varchar(100) NOT NULL,
  `degree` varchar(100) NOT NULL,
  `pic` text NOT NULL
) ENGINE=InnoDB DEFAULT CHARSET=latin1;

--
-- Dumping data for table `employee`
--

INSERT INTO `employee` (`id`, `firstName`, `lastName`, `email`, `password`, `birthday`, `gender`, `contact`, `nid`, `address`, `dept`, `degree`, `pic`) VALUES
(101, 'Hima', 'Varshini', 'varshini@gmail.com', '1234', '2005-03-21', 'Female', '9989855313', 571, 'Agiripalle, AP', 'CSE', 'BTech', 'images/varshini.jpg'),
(102, 'Koushik', 'Reddy', 'koushik@gmail.com', '1234', '2005-08-31', 'Male', '9493794697', 645, 'Prakasam, AP', 'CSE', 'BTech', 'images/koushik.jpg'),
(103, 'Ganesh', 'Naik', 'ganesh@gmail.com', '1234', '2005-02-02', 'Male', '7036960489', 598, 'Nuzivid, AP', 'CSE', 'BTech', 'images/ganesh.jpg'),
(104, 'Pramod', 'Bhai', 'pramod@gmail.com', '1234', '2005-12-01', 'Male', '7416252115', 271, 'Vizag, AP', 'CSE', 'BTech', 'images/pramod.jpg'),
(105, 'Daniel', 'Santhosh', 'santhosh@gmail.com', '1234', '2005-06-28', 'Male', '7981372922', 627, 'Chittor, AP', 'CSE', 'BTech', 'images/santhsh.jpg');

-- --------------------------------------------------------

--
-- Table structure for table `employee_leave`
--

CREATE TABLE `employee_leave` (
  `id` int(11) DEFAULT NULL,
  `token` int(11) NOT NULL,
  `start` date DEFAULT NULL,
  `end` date DEFAULT NULL,
  `reason` char(100) DEFAULT NULL,
  `status` char(50) DEFAULT NULL
) ENGINE=InnoDB DEFAULT CHARSET=latin1;

--
-- Dumping data for table `employee_leave`
--

INSERT INTO `employee_leave` (`id`, `token`, `start`, `end`, `reason`, `status`) VALUES
(101, 301, '2019-04-07', '2019-04-08', 'Sick Leave', 'Approved'),
(102, 305, '2019-04-07', '2019-04-08', 'Urgent Family Cause', 'Approved'),
(103, 306, '2019-04-08', '2019-04-08', 'Tour', 'Approved'),
(104, 310, '2019-04-08', '2019-04-09', 'Emergency Leave', 'Pending');

-- --------------------------------------------------------

--
-- Table structure for table `project`
--

CREATE TABLE `project` (
  `pid` int(11) NOT NULL,
  `eid` int(11) DEFAULT NULL,
  `pname` varchar(100) DEFAULT NULL,
  `duedate` date DEFAULT NULL,
  `subdate` date DEFAULT '0000-00-00',
  `mark` int(11) NOT NULL,
  `status` varchar(50) DEFAULT NULL
) ENGINE=InnoDB DEFAULT CHARSET=latin1;

--
-- Dumping data for table `project`
--

INSERT INTO `project` (`pid`, `eid`, `pname`, `duedate`, `subdate`, `mark`, `status`) VALUES
(213, 101, 'web1', '2005-04-07', '2019-04-04', 10, 'Submitted'),
(214, 102, 'dbms 1', '2005-04-10', '0000-00-00', 0, 'Due'),
(215, 105, 'web 2', '2005-04-19', '2019-04-06', 10, 'Submitted'),
(218, 105, 'daa 1', '2005-04-03', '2019-04-03', 10, 'Submitted'),
(222, 103, 'daa 2', '2005-04-19', '2019-04-04', 6, 'Submitted')
;

-- --------------------------------------------------------

--
-- Table structure for table `rank`
--

CREATE TABLE `rank` (
  `eid` int(11) NOT NULL,
  `points` int(11) DEFAULT '0'
) ENGINE=InnoDB DEFAULT CHARSET=latin1;

--
-- Dumping data for table `rank`
--

INSERT INTO `rank` (`eid`, `points`) VALUES
(101, 10),
(102, 0),
(103, 6),
(104, 0),
(105, 20);

-- --------------------------------------------------------

--
-- Table structure for table `salary`
--

CREATE TABLE `salary` (
  `id` int(11) NOT NULL,
  `base` int(11) NOT NULL,
  `bonus` int(11) DEFAULT NULL,
  `total` int(11) DEFAULT NULL
) ENGINE=InnoDB DEFAULT CHARSET=latin1;

--
-- Dumping data for table `salary`
--

INSERT INTO `salary` (`id`, `base`, `bonus`, `total`) VALUES
(101, 55000, 10, 60500),
(102, 16500, 0, 16500),
(103, 65000, 6, 68900),
(104, 78000, 0, 78000),
(105, 105000, 20, 126000);

--
-- Indexes for dumped tables
--

--
-- Indexes for table `alogin`
--
ALTER TABLE `alogin`
  ADD PRIMARY KEY (`id`);

--
-- Indexes for table `employee`
--
ALTER TABLE `employee`
  ADD PRIMARY KEY (`id`),
  ADD UNIQUE KEY `email` (`email`);

--
-- Indexes for table `employee_leave`
--
ALTER TABLE `employee_leave`
  ADD PRIMARY KEY (`token`),
  ADD KEY `employee_leave_ibfk_1` (`id`);

--
-- Indexes for table `project`
--
ALTER TABLE `project`
  ADD PRIMARY KEY (`pid`),
  ADD KEY `project_ibfk_1` (`eid`);

--
-- Indexes for table `rank`
--
ALTER TABLE `rank`
  ADD PRIMARY KEY (`eid`);

--
-- Indexes for table `salary`
--
ALTER TABLE `salary`
  ADD PRIMARY KEY (`id`);

--
-- AUTO_INCREMENT for dumped tables
--

--
-- AUTO_INCREMENT for table `alogin`
--
ALTER TABLE `alogin`
  MODIFY `id` int(11) NOT NULL AUTO_INCREMENT, AUTO_INCREMENT=2;

--
-- AUTO_INCREMENT for table `employee`
--
ALTER TABLE `employee`
  MODIFY `id` int(11) NOT NULL AUTO_INCREMENT, AUTO_INCREMENT=112;

--
-- AUTO_INCREMENT for table `employee_leave`
--
ALTER TABLE `employee_leave`
  MODIFY `token` int(11) NOT NULL AUTO_INCREMENT, AUTO_INCREMENT=311;

--
-- AUTO_INCREMENT for table `project`
--
ALTER TABLE `project`
  MODIFY `pid` int(11) NOT NULL AUTO_INCREMENT, AUTO_INCREMENT=226;

--
-- Constraints for dumped tables
--

--
-- Constraints for table `employee_leave`
--
ALTER TABLE `employee_leave`
  ADD CONSTRAINT `employee_leave_ibfk_1` FOREIGN KEY (`id`) REFERENCES `employee` (`id`) ON DELETE CASCADE ON UPDATE CASCADE;

--
-- Constraints for table `project`
--
ALTER TABLE `project`
  ADD CONSTRAINT `project_ibfk_1` FOREIGN KEY (`eid`) REFERENCES `employee` (`id`) ON DELETE CASCADE ON UPDATE CASCADE;

--
-- Constraints for table `rank`
--
ALTER TABLE `rank`
  ADD CONSTRAINT `rank_ibfk_1` FOREIGN KEY (`eid`) REFERENCES `employee` (`id`) ON DELETE CASCADE ON UPDATE CASCADE;

--
-- Constraints for table `salary`
--
ALTER TABLE `salary`
  ADD CONSTRAINT `salary_ibfk_1` FOREIGN KEY (`id`) REFERENCES `employee` (`id`) ON DELETE CASCADE ON UPDATE CASCADE;
COMMIT;

/*!40101 SET CHARACTER_SET_CLIENT=@OLD_CHARACTER_SET_CLIENT */;
/*!40101 SET CHARACTER_SET_RESULTS=@OLD_CHARACTER_SET_RESULTS */;
/*!40101 SET COLLATION_CONNECTION=@OLD_COLLATION_CONNECTION */;
